{
    "name": "root",
    "metadata": {
        "timer_format_version": "0.1.0",
        "start_time_seconds": "1697032754",
        "python_version": "3.9.18 (main, Sep 11 2023, 13:41:44) \n[GCC 11.2.0]",
        "command_line_arguments": "/home/husain/miniconda3/envs/unity/bin/mlagents-learn config/niryo_sweep.yaml --run-id=NiryoSweep4",
        "mlagents_version": "0.30.0",
        "mlagents_envs_version": "0.30.0",
        "communication_protocol_version": "1.5.0",
        "pytorch_version": "1.11.0+cu102",
        "numpy_version": "1.21.2",
        "end_time_seconds": "1697032898"
    },
    "total": 144.042558085,
    "count": 1,
    "self": 0.01318089999995209,
    "children": {
        "run_training.setup": {
            "total": 0.022121000000083768,
            "count": 1,
            "self": 0.022121000000083768
        },
        "TrainerController.start_learning": {
            "total": 144.00725618499996,
            "count": 1,
            "self": 0.052173902002209616,
            "children": {
                "TrainerController._reset_env": {
                    "total": 8.252097062999951,
                    "count": 1,
                    "self": 8.252097062999951
                },
                "TrainerController.advance": {
                    "total": 134.9751721759976,
                    "count": 2791,
                    "self": 0.046695898006078096,
                    "children": {
                        "env_step": {
                            "total": 133.1001820429973,
                            "count": 2791,
                            "self": 125.1819257929991,
                            "children": {
                                "SubprocessEnvManager._take_step": {
                                    "total": 7.881401850000998,
                                    "count": 2791,
                                    "self": 0.14871859699701417,
                                    "children": {
                                        "TorchPolicy.evaluate": {
                                            "total": 7.732683253003984,
                                            "count": 2791,
                                            "self": 7.732683253003984
                                        }
                                    }
                                },
                                "workers": {
                                    "total": 0.0368543999971962,
                                    "count": 2790,
                                    "self": 0.0,
                                    "children": {
                                        "worker_root": {
                                            "total": 140.75563194100073,
                                            "count": 2790,
                                            "is_parallel": true,
                                            "self": 20.613514368000665,
                                            "children": {
                                                "run_training.setup": {
                                                    "total": 0.0,
                                                    "count": 0,
                                                    "is_parallel": true,
                                                    "self": 0.0,
                                                    "children": {
                                                        "steps_from_proto": {
                                                            "total": 0.006685800000013842,
                                                            "count": 1,
                                                            "is_parallel": true,
                                                            "self": 0.0006639000000632223,
                                                            "children": {
                                                                "_process_maybe_compressed_observation": {
                                                                    "total": 0.0060218999999506195,
                                                                    "count": 2,
                                                                    "is_parallel": true,
                                                                    "self": 0.00010039999995115068,
                                                                    "children": {
                                                                        "_observation_to_np_array": {
                                                                            "total": 0.005921499999999469,
                                                                            "count": 1,
                                                                            "is_parallel": true,
                                                                            "self": 5.129999999553547e-05,
                                                                            "children": {
                                                                                "process_pixels": {
                                                                                    "total": 0.005870200000003933,
                                                                                    "count": 1,
                                                                                    "is_parallel": true,
                                                                                    "self": 0.0004155000000309883,
                                                                                    "children": {
                                                                                        "image_decompress": {
                                                                                            "total": 0.005454699999972945,
                                                                                            "count": 1,
                                                                                            "is_parallel": true,
                                                                                            "self": 0.005454699999972945
                                                                                        }
                                                                                    }
                                                                                }
                                                                            }
                                                                        }
                                                                    }
                                                                }
                                                            }
                                                        },
                                                        "UnityEnvironment.step": {
                                                            "total": 0.04463369999996303,
                                                            "count": 1,
                                                            "is_parallel": true,
                                                            "self": 9.680000005118927e-05,
                                                            "children": {
                                                                "UnityEnvironment._generate_step_input": {
                                                                    "total": 0.00021870000000490109,
                                                                    "count": 1,
                                                                    "is_parallel": true,
                                                                    "self": 0.00021870000000490109
                                                                },